{"MaterialName": "Abc", "Colour": 16711680, "Elasticity": 0.0, "EA": 28274333.88230814, "EA2": 28274333.88230814, "EI": 2544690.049407732, "nu": 0.2, "d": 1.2, "w": 9.424777960769381, "Gref": 12500000.0}